{
    "ALL": {
        "performance_sw": 0.28428506091446454,
        "performance_fw": 0.2743374080832125,
        "val_loss": 0.5615444942966534,
        "annual_return_2016_2023": 0.011137044948747343,
        "annual_volatility_2016_2023": 0.042077425143227536,
        "sharpe_ratio_2016_2023": 0.2842850609144642,
        "downside_risk_2016_2023": 0.03147495509395897,
        "sortino_ratio_2016_2023": 0.38004767073558515,
        "max_drawdown_2016_2023": 0.07711080248549357,
        "calmar_ratio_2016_2023": 0.14442911485511378,
        "perc_pos_return_2016_2023": 0.5245033112582781,
        "profit_loss_ratio_2016_2023": 0.9543888395847535,
        "sharpe_ratio_2016": -1.0444945347782317,
        "sharpe_ratio_2017": 1.9365756888842633,
        "sharpe_ratio_2018": -0.1904821018975349,
        "sharpe_ratio_2019": 1.669805305480239,
        "sharpe_ratio_2020": -0.5182720106421782,
        "sharpe_ratio_2021": 0.8604316348070896,
        "annual_return_2016_2023_0_5_bps": 0.00782227187031892,
        "annual_volatility_2016_2023_0_5_bps": 0.04208141712235703,
        "sharpe_ratio_2016_2023_0_5_bps": 0.2062285739226565,
        "downside_risk_2016_2023_0_5_bps": 0.03156803899963625,
        "sortino_ratio_2016_2023_0_5_bps": 0.27491066650950813,
        "max_drawdown_2016_2023_0_5_bps": 0.07991303121143187,
        "calmar_ratio_2016_2023_0_5_bps": 0.09788480992071183,
        "perc_pos_return_2016_2023_0_5_bps": 0.5185430463576159,
        "profit_loss_ratio_2016_2023_0_5_bps": 0.9637651723728551,
        "sharpe_ratio_2016_0_5_bps": -1.1173492698378984,
        "sharpe_ratio_2017_0_5_bps": 1.7670479846397535,
        "sharpe_ratio_2018_0_5_bps": -0.262863970694864,
        "sharpe_ratio_2019_0_5_bps": 1.597534459570579,
        "sharpe_ratio_2020_0_5_bps": -0.5598385053469097,
        "sharpe_ratio_2021_0_5_bps": 0.7743774098210883,
        "annual_return_2016_2023_1_0_bps": 0.004518312457258533,
        "annual_volatility_2016_2023_1_0_bps": 0.042085646553238015,
        "sharpe_ratio_2016_2023_1_0_bps": 0.12818617166272267,
        "downside_risk_2016_2023_1_0_bps": 0.031661684053481694,
        "sortino_ratio_2016_2023_1_0_bps": 0.17038884932644002,
        "max_drawdown_2016_2023_1_0_bps": 0.0839783917914386,
        "calmar_ratio_2016_2023_1_0_bps": 0.05380327440039361,
        "perc_pos_return_2016_2023_1_0_bps": 0.5172185430463576,
        "profit_loss_ratio_2016_2023_1_0_bps": 0.9553143717027597,
        "sharpe_ratio_2016_1_0_bps": -1.190179818380488,
        "sharpe_ratio_2017_1_0_bps": 1.5976042868628737,
        "sharpe_ratio_2018_1_0_bps": -0.33525199269253164,
        "sharpe_ratio_2019_1_0_bps": 1.5252840608080582,
        "sharpe_ratio_2020_1_0_bps": -0.6013896144173658,
        "sharpe_ratio_2021_1_0_bps": 0.688348690616923,
        "annual_return_2016_2023_1_5_bps": 0.001225131605276042,
        "annual_volatility_2016_2023_1_5_bps": 0.04209011336428952,
        "sharpe_ratio_2016_2023_1_5_bps": 0.05015917080477874,
        "downside_risk_2016_2023_1_5_bps": 0.03175589347778728,
        "sortino_ratio_2016_2023_1_5_bps": 0.06648231097350958,
        "max_drawdown_2016_2023_1_5_bps": 0.08802586451557798,
        "calmar_ratio_2016_2023_1_5_bps": 0.013917859393010901,
        "perc_pos_return_2016_2023_1_5_bps": 0.5152317880794702,
        "profit_loss_ratio_2016_2023_1_5_bps": 0.9494503351867338,
        "sharpe_ratio_2016_1_5_bps": -1.2629853384477876,
        "sharpe_ratio_2017_1_5_bps": 1.4282497750018164,
        "sharpe_ratio_2018_1_5_bps": -0.4076454268112173,
        "sharpe_ratio_2019_1_5_bps": 1.4530549233765808,
        "sharpe_ratio_2020_1_5_bps": -0.6429249596157951,
        "sharpe_ratio_2021_1_5_bps": 0.602346476298991,
        "annual_return_2016_2023_2_0_bps": -0.0020573056765250675,
        "annual_volatility_2016_2023_2_0_bps": 0.042094817479944056,
        "sharpe_ratio_2016_2023_2_0_bps": -0.027851113579593828,
        "downside_risk_2016_2023_2_0_bps": 0.03185066827430604,
        "sortino_ratio_2016_2023_2_0_bps": -0.03680888365196279,
        "max_drawdown_2016_2023_2_0_bps": 0.09205552776302814,
        "calmar_ratio_2016_2023_2_0_bps": -0.022348529485606124,
        "perc_pos_return_2016_2023_2_0_bps": 0.5119205298013245,
        "profit_loss_ratio_2016_2023_2_0_bps": 0.9486360310402606,
        "sharpe_ratio_2016_2_0_bps": -1.335764989670358,
        "sharpe_ratio_2017_2_0_bps": 1.2589896104950953,
        "sharpe_ratio_2018_2_0_bps": -0.48004353160369884,
        "sharpe_ratio_2019_2_0_bps": 1.3808478598149618,
        "sharpe_ratio_2020_2_0_bps": -0.6844441635261475,
        "sharpe_ratio_2021_2_0_bps": 0.5163717640162435,
        "annual_return_2016_2023_2_5_bps": -0.005329034266003174,
        "annual_volatility_2016_2023_2_5_bps": 0.042099758820654185,
        "sharpe_ratio_2016_2023_2_5_bps": -0.10584336812728301,
        "downside_risk_2016_2023_2_5_bps": 0.031946007693254425,
        "sortino_ratio_2016_2023_2_5_bps": -0.1394847304148504,
        "max_drawdown_2016_2023_2_5_bps": 0.09606745957095912,
        "calmar_ratio_2016_2023_2_5_bps": -0.05547179336065345,
        "perc_pos_return_2016_2023_2_5_bps": 0.509271523178808,
        "profit_loss_ratio_2016_2023_2_5_bps": 0.9453102183170153,
        "sharpe_ratio_2016_2_5_bps": -1.4085179333149909,
        "sharpe_ratio_2017_2_5_bps": 1.0898289360166609,
        "sharpe_ratio_2018_2_5_bps": -0.5524455652927368,
        "sharpe_ratio_2019_2_5_bps": 1.30866368097299,
        "sharpe_ratio_2020_2_5_bps": -0.725946849570569,
        "sharpe_ratio_2021_2_5_bps": 0.4304255489061768,
        "annual_return_2016_2023_3_0_bps": -0.008590088928345119,
        "annual_volatility_2016_2023_3_0_bps": 0.042104937302899534,
        "sharpe_ratio_2016_2023_3_0_bps": -0.18381628129320263,
        "downside_risk_2016_2023_3_0_bps": 0.032041910751829016,
        "sortino_ratio_2016_2023_3_0_bps": -0.24154530168462726,
        "max_drawdown_2016_2023_3_0_bps": 0.10885121919847913,
        "calmar_ratio_2016_2023_3_0_bps": -0.07891587243209434,
        "perc_pos_return_2016_2023_3_0_bps": 0.5066225165562914,
        "profit_loss_ratio_2016_2023_3_0_bps": 0.9419943190446792,
        "sharpe_ratio_2016_3_0_bps": -1.4812433323319607,
        "sharpe_ratio_2017_3_0_bps": 0.9207728747282867,
        "sharpe_ratio_2018_3_0_bps": -0.6248507858090037,
        "sharpe_ratio_2019_3_0_bps": 1.2365031959677377,
        "sharpe_ratio_2020_3_0_bps": -0.7674326420257787,
        "sharpe_ratio_2021_3_0_bps": 0.34450882403910665
    },
    "COMB": {
        "annual_return_2016_2023": 0.011137044948747343,
        "annual_volatility_2016_2023": 0.042077425143227536,
        "sharpe_ratio_2016_2023": 0.2842850609144642,
        "downside_risk_2016_2023": 0.03147495509395897,
        "sortino_ratio_2016_2023": 0.38004767073558515,
        "max_drawdown_2016_2023": 0.07711080248549357,
        "calmar_ratio_2016_2023": 0.14442911485511378,
        "perc_pos_return_2016_2023": 0.5245033112582781,
        "profit_loss_ratio_2016_2023": 0.9543888395847535,
        "sharpe_ratio_2016": -1.0444945347782317,
        "sharpe_ratio_2017": 1.9365756888842633,
        "sharpe_ratio_2018": -0.1904821018975349,
        "sharpe_ratio_2019": 1.669805305480239,
        "sharpe_ratio_2020": -0.5182720106421782,
        "sharpe_ratio_2021": 0.8604316348070896,
        "annual_return_2016_2023_0_5_bps": 0.00782227187031892,
        "annual_volatility_2016_2023_0_5_bps": 0.04208141712235703,
        "sharpe_ratio_2016_2023_0_5_bps": 0.2062285739226565,
        "downside_risk_2016_2023_0_5_bps": 0.03156803899963625,
        "sortino_ratio_2016_2023_0_5_bps": 0.27491066650950813,
        "max_drawdown_2016_2023_0_5_bps": 0.07991303121143187,
        "calmar_ratio_2016_2023_0_5_bps": 0.09788480992071183,
        "perc_pos_return_2016_2023_0_5_bps": 0.5185430463576159,
        "profit_loss_ratio_2016_2023_0_5_bps": 0.9637651723728551,
        "sharpe_ratio_2016_0_5_bps": -1.1173492698378984,