{
    "ALL": {
        "performance_sw": -0.26506342084596396,
        "performance_fw": -0.2788453304672123,
        "val_loss": 1.1310281734717418,
        "annual_return_2016_2023": -0.016020202116885485,
        "annual_volatility_2016_2023": 0.05518963796635719,
        "sharpe_ratio_2016_2023": -0.26506342084596407,
        "downside_risk_2016_2023": 0.03773008489685337,
        "sortino_ratio_2016_2023": -0.3877212117228218,
        "max_drawdown_2016_2023": 0.13020054962917252,
        "calmar_ratio_2016_2023": -0.12304250759703418,
        "perc_pos_return_2016_2023": 0.4649006622516556,
        "profit_loss_ratio_2016_2023": 1.0960942464978003,
        "sharpe_ratio_2016": -0.7047273604588289,
        "sharpe_ratio_2017": -0.5622537675274116,
        "sharpe_ratio_2018": 0.2664984964602966,
        "sharpe_ratio_2019": 0.39801204550772096,
        "sharpe_ratio_2020": -0.3558738549117039,
        "sharpe_ratio_2021": -0.8613747272001707,
        "annual_return_2016_2023_0_5_bps": -0.01646948704123352,
        "annual_volatility_2016_2023_0_5_bps": 0.05519037740765418,
        "sharpe_ratio_2016_2023_0_5_bps": -0.27333360601722717,
        "downside_risk_2016_2023_0_5_bps": 0.03774537542620173,
        "sortino_ratio_2016_2023_0_5_bps": -0.3996618050277489,
        "max_drawdown_2016_2023_0_5_bps": 0.13175139312425788,
        "calmar_ratio_2016_2023_0_5_bps": -0.12500427244591453,
        "perc_pos_return_2016_2023_0_5_bps": 0.4642384105960265,
        "profit_loss_ratio_2016_2023_0_5_bps": 1.0973439573655372,
        "sharpe_ratio_2016_0_5_bps": -0.7145870851206041,
        "sharpe_ratio_2017_0_5_bps": -0.5756456567801311,
        "sharpe_ratio_2018_0_5_bps": 0.2594493654111941,
        "sharpe_ratio_2019_0_5_bps": 0.3875361947432905,
        "sharpe_ratio_2020_0_5_bps": -0.35998945845058045,
        "sharpe_ratio_2021_0_5_bps": -0.8712133940077293,
        "annual_return_2016_2023_1_0_bps": -0.016918568619258223,
        "annual_volatility_2016_2023_1_0_bps": 0.055191134971141476,
        "sharpe_ratio_2016_2023_1_0_bps": -0.2816034771179356,
        "downside_risk_2016_2023_1_0_bps": 0.03776068605657784,
        "sortino_ratio_2016_2023_1_0_bps": -0.4115925089568478,
        "max_drawdown_2016_2023_1_0_bps": 0.1332994780510142,
        "calmar_ratio_2016_2023_1_0_bps": -0.12692149186648297,
        "perc_pos_return_2016_2023_1_0_bps": 0.4642384105960265,
        "profit_loss_ratio_2016_2023_1_0_bps": 1.0956743664594915,
        "sharpe_ratio_2016_1_0_bps": -0.7244457959597187,
        "sharpe_ratio_2017_1_0_bps": -0.5890375102574136,
        "sharpe_ratio_2018_1_0_bps": 0.2524003046815082,
        "sharpe_ratio_2019_1_0_bps": 0.3770621844201439,
        "sharpe_ratio_2020_1_0_bps": -0.3641049130976978,
        "sharpe_ratio_2021_1_0_bps": -0.8810529581071217,
        "annual_return_2016_2023_1_5_bps": -0.017367446942187503,
        "annual_volatility_2016_2023_1_5_bps": 0.05519191065607284,
        "sharpe_ratio_2016_2023_1_5_bps": -0.2898730260187375,
        "downside_risk_2016_2023_1_5_bps": 0.03777601678364903,
        "sortino_ratio_2016_2023_1_5_bps": -0.42351331653782215,
        "max_drawdown_2016_2023_1_5_bps": 0.13484480930458728,
        "calmar_ratio_2016_2023_1_5_bps": -0.12879581373397872,
        "perc_pos_return_2016_2023_1_5_bps": 0.4642384105960265,
        "profit_loss_ratio_2016_2023_1_5_bps": 1.0940074794519739,
        "sharpe_ratio_2016_1_5_bps": -0.7343034805803826,
        "sharpe_ratio_2017_1_5_bps": -0.6024293011264635,
        "sharpe_ratio_2018_1_5_bps": 0.24535131884039327,
        "sharpe_ratio_2019_1_5_bps": 0.3665900294313157,
        "sharpe_ratio_2020_1_5_bps": -0.36822021751336226,
        "sharpe_ratio_2021_1_5_bps": -0.8908934044596055,
        "annual_return_2016_2023_2_0_bps": -0.01781612210120742,
        "annual_volatility_2016_2023_2_0_bps": 0.055192704461684255,
        "sharpe_ratio_2016_2023_2_0_bps": -0.29814224459191185,
        "downside_risk_2016_2023_2_0_bps": 0.037791367582957654,
        "sortino_ratio_2016_2023_2_0_bps": -0.4354242210786048,
        "max_drawdown_2016_2023_2_0_bps": 0.13638739177146078,
        "calmar_ratio_2016_2023_2_0_bps": -0.1306288057114636,
        "perc_pos_return_2016_2023_2_0_bps": 0.4642384105960265,
        "profit_loss_ratio_2016_2023_2_0_bps": 1.0923432897798682,
        "sharpe_ratio_2016_2_0_bps": -0.7441601265934349,
        "sharpe_ratio_2017_2_0_bps": -0.6158210025528751,
        "sharpe_ratio_2018_2_0_bps": 0.23830241245660239,
        "sharpe_ratio_2019_2_0_bps": 0.35611974465285445,
        "sharpe_ratio_2020_2_0_bps": -0.3723353703581337,
        "sharpe_ratio_2021_2_0_bps": -0.9007347180162151,
        "annual_return_2016_2023_2_5_bps": -0.018264594187464178,
        "annual_volatility_2016_2023_2_5_bps": 0.055193516387193914,
        "sharpe_ratio_2016_2023_2_5_bps": -0.30641112471140564,
        "downside_risk_2016_2023_2_5_bps": 0.0378067384300537,
        "sortino_ratio_2016_2023_2_5_bps": -0.44732521596027724,
        "max_drawdown_2016_2023_2_5_bps": 0.13792723032946919,
        "calmar_ratio_2016_2023_2_5_bps": -0.13242196007151905,
        "perc_pos_return_2016_2023_2_5_bps": 0.4642384105960265,
        "profit_loss_ratio_2016_2023_2_5_bps": 1.0906817909012703,
        "sharpe_ratio_2016_2_5_bps": -0.7540157216164256,
        "sharpe_ratio_2017_2_5_bps": -0.6292125877008977,
        "sharpe_ratio_2018_2_5_bps": 0.23125359009847768,
        "sharpe_ratio_2019_2_5_bps": 0.34565134494373506,
        "sharpe_ratio_2020_2_5_bps": -0.37645037029282774,
        "sharpe_ratio_2021_2_5_bps": -0.9105768837178645,
        "annual_return_2016_2023_3_0_bps": -0.018712863292063786,
        "annual_volatility_2016_2023_3_0_bps": 0.05519434643180205,
        "sharpe_ratio_2016_2023_3_0_bps": -0.31467965825287747,
        "downside_risk_2016_2023_3_0_bps": 0.03782212930049499,
        "sortino_ratio_2016_2023_3_0_bps": -0.459216294636883,
        "max_drawdown_2016_2023_3_0_bps": 0.13946432984781076,
        "calmar_ratio_2016_2023_3_0_bps": -0.13417669817425026,
        "perc_pos_return_2016_2023_3_0_bps": 0.4642384105960265,
        "profit_loss_ratio_2016_2023_3_0_bps": 1.0890229762954255,
        "sharpe_ratio_2016_3_0_bps": -0.7638702532736903,
        "sharpe_ratio_2017_3_0_bps": -0.6426040297337084,
        "sharpe_ratio_2018_3_0_bps": 0.22420485633393597,
        "sharpe_ratio_2019_3_0_bps": 0.33518484514575386,
        "sharpe_ratio_2020_3_0_bps": -0.38056521597852205,
        "sharpe_ratio_2021_3_0_bps": -0.9204198864954733
    },
    "COMB": {
        "annual_return_2016_2023": -0.016020202116885485,
        "annual_volatility_2016_2023": 0.05518963796635719,
        "sharpe_ratio_2016_2023": -0.26506342084596407,
        "downside_risk_2016_2023": 0.03773008489685337,
        "sortino_ratio_2016_2023": -0.3877212117228218,
        "max_drawdown_2016_2023": 0.13020054962917252,
        "calmar_ratio_2016_2023": -0.12304250759703418,
        "perc_pos_return_2016_2023": 0.4649006622516556,
        "profit_loss_ratio_2016_2023": 1.0960942464978003,
        "sharpe_ratio_2016": -0.7047273604588289,
        "sharpe_ratio_2017": -0.5622537675274116,
        "sharpe_ratio_2018": 0.2664984964602966,
        "sharpe_ratio_2019": 0.39801204550772096,
        "sharpe_ratio_2020": -0.3558738549117039,
        "sharpe_ratio_2021": -0.8613747272001707,
        "annual_return_2016_2023_0_5_bps": -0.01646948704123352,
        "annual_volatility_2016_2023_0_5_bps": 0.05519037740765418,
        "sharpe_ratio_2016_2023_0_5_bps": -0.27333360601722717,
        "downside_risk_2016_2023_0_5_bps": 0.03774537542620173,
        "sortino_ratio_2016_2023_0_5_bps": -0.3996618050277489,
        "max_drawdown_2016_2023_0_5_bps": 0.13175139312425788,
        "calmar_ratio_2016_2023_0_5_bps": -0.12500427244591453,
        "perc_pos_return_2016_2023_0_5_bps": 0.4642384105960265,
        "profit_loss_ratio_2016_2023_0_5_bps": 1.0973439573655372,